id,csv_type_id,creator_id,entity_name,field_name,reference_field_name,disp_name,sort_no,enabled,create_date,update_date,discriminator_type
1,1,,Eccube\\Entity\\Product,id,,商品ID,1,1,2017-03-07 10:14:00,2017-03-07 10:14:00,csv
2,1,,Eccube\\Entity\\Product,Status,id,公開ステータス(ID),2,1,2017-03-07 10:14:00,2017-03-07 10:14:00,csv
3,1,,Eccube\\Entity\\Product,Status,name,公開ステータス(名称),3,1,2017-03-07 10:14:00,2017-03-07 10:14:00,csv
4,1,,Eccube\\Entity\\Product,name,,商品名,4,1,2017-03-07 10:14:00,2017-03-07 10:14:00,csv
5,1,,Eccube\\Entity\\Product,note,,ショップ用メモ欄,5,1,2017-03-07 10:14:00,2017-03-07 10:14:00,csv
6,1,,Eccube\\Entity\\Product,description_list,,商品説明(一覧),6,1,2017-03-07 10:14:00,2017-03-07 10:14:00,csv
7,1,,Eccube\\Entity\\Product,description_detail,,商品説明(詳細),7,1,2017-03-07 10:14:00,2017-03-07 10:14:00,csv
8,1,,Eccube\\Entity\\Product,search_word,,検索ワード,8,1,2017-03-07 10:14:00,2017-03-07 10:14:00,csv
9,1,,Eccube\\Entity\\Product,free_area,,フリーエリア,9,1,2017-03-07 10:14:00,2017-03-07 10:14:00,csv
10,1,,Eccube\\Entity\\ProductClass,id,,商品規格ID,10,1,2017-03-07 10:14:00,2017-03-07 10:14:00,csv
11,1,,Eccube\\Entity\\ProductClass,SaleType,id,販売種別(ID),11,1,2017-03-07 10:14:00,2017-03-07 10:14:00,csv
12,1,,Eccube\\Entity\\ProductClass,SaleType,name,販売種別(名称),12,1,2017-03-07 10:14:00,2017-03-07 10:14:00,csv
13,1,,Eccube\\Entity\\ProductClass,ClassCategory1,id,規格分類1(ID),13,1,2017-03-07 10:14:00,2017-03-07 10:14:00,csv
14,1,,Eccube\\Entity\\ProductClass,ClassCategory1,name,規格分類1(名称),14,1,2017-03-07 10:14:00,2017-03-07 10:14:00,csv
15,1,,Eccube\\Entity\\ProductClass,ClassCategory2,id,規格分類2(ID),15,1,2017-03-07 10:14:00,2017-03-07 10:14:00,csv
16,1,,Eccube\\Entity\\ProductClass,ClassCategory2,name,規格分類2(名称),16,1,2017-03-07 10:14:00,2017-03-07 10:14:00,csv
17,1,,Eccube\\Entity\\ProductClass,DeliveryDuration,id,発送日目安(ID),17,1,2017-03-07 10:14:00,2017-03-07 10:14:00,csv
18,1,,Eccube\\Entity\\ProductClass,DeliveryDuration,name,発送日目安(名称),18,1,2017-03-07 10:14:00,2017-03-07 10:14:00,csv
19,1,,Eccube\\Entity\\ProductClass,code,,商品コード,19,1,2017-03-07 10:14:00,2017-03-07 10:14:00,csv
20,1,,Eccube\\Entity\\ProductClass,stock,,在庫数,20,1,2017-03-07 10:14:00,2017-03-07 10:14:00,csv
21,1,,Eccube\\Entity\\ProductClass,stock_unlimited,,在庫数無制限フラグ,21,1,2017-03-07 10:14:00,2017-03-07 10:14:00,csv
22,1,,Eccube\\Entity\\ProductClass,sale_limit,,販売制限数,22,1,2017-03-07 10:14:00,2017-03-07 10:14:00,csv
23,1,,Eccube\\Entity\\ProductClass,price01,,通常価格,23,1,2017-03-07 10:14:00,2017-03-07 10:14:00,csv
24,1,,Eccube\\Entity\\ProductClass,price02,,販売価格,24,1,2017-03-07 10:14:00,2017-03-07 10:14:00,csv
25,1,,Eccube\\Entity\\ProductClass,delivery_fee,,送料,25,0,2017-03-07 10:14:00,2017-03-07 10:14:00,csv
26,1,,Eccube\\Entity\\Product,ProductImage,file_name,商品画像,26,1,2017-03-07 10:14:00,2017-03-07 10:14:00,csv
27,1,,Eccube\\Entity\\Product,ProductCategories,category_id,商品カテゴリ(ID),27,1,2017-03-07 10:14:00,2017-03-07 10:14:00,csv
28,1,,Eccube\\Entity\\Product,ProductCategories,Category,商品カテゴリ(名称),28,1,2017-03-07 10:14:00,2017-03-07 10:14:00,csv
29,1,,Eccube\\Entity\\Product,ProductTag,tag_id,タグ(ID),29,1,2017-03-07 10:14:00,2017-03-07 10:14:00,csv
30,1,,Eccube\\Entity\\Product,ProductTag,Tag,タグ(名称),30,1,2017-03-07 10:14:00,2017-03-07 10:14:00,csv
31,2,,Eccube\\Entity\\Customer,id,,会員ID,1,1,2017-03-07 10:14:00,2017-03-07 10:14:00,csv
32,2,,Eccube\\Entity\\Customer,name01,,お名前(姓),2,1,2017-03-07 10:14:00,2017-03-07 10:14:00,csv
33,2,,Eccube\\Entity\\Customer,name02,,お名前(名),3,1,2017-03-07 10:14:00,2017-03-07 10:14:00,csv
34,2,,Eccube\\Entity\\Customer,kana01,,お名前(セイ),4,1,2017-03-07 10:14:00,2017-03-07 10:14:00,csv
35,2,,Eccube\\Entity\\Customer,kana02,,お名前(メイ),5,1,2017-03-07 10:14:00,2017-03-07 10:14:00,csv
36,2,,Eccube\\Entity\\Customer,company_name,,会社名,6,1,2017-03-07 10:14:00,2017-03-07 10:14:00,csv
37,2,,Eccube\\Entity\\Customer,postal_code,,郵便番号,7,1,2017-03-07 10:14:00,2017-03-07 10:14:00,csv
38,2,,Eccube\\Entity\\Customer,Pref,id,都道府県(ID),9,1,2017-03-07 10:14:00,2017-03-07 10:14:00,csv
39,2,,Eccube\\Entity\\Customer,Pref,name,都道府県(名称),10,1,2017-03-07 10:14:00,2017-03-07 10:14:00,csv
40,2,,Eccube\\Entity\\Customer,addr01,,住所1,11,1,2017-03-07 10:14:00,2017-03-07 10:14:00,csv
41,2,,Eccube\\Entity\\Customer,addr02,,住所2,12,1,2017-03-07 10:14:00,2017-03-07 10:14:00,csv
42,2,,Eccube\\Entity\\Customer,email,,メールアドレス,13,1,2017-03-07 10:14:00,2017-03-07 10:14:00,csv
43,2,,Eccube\\Entity\\Customer,phone_number,,TEL,14,1,2017-03-07 10:14:00,2017-03-07 10:14:00,csv
44,2,,Eccube\\Entity\\Customer,Sex,id,性別(ID),20,1,2017-03-07 10:14:00,2017-03-07 10:14:00,csv
45,2,,Eccube\\Entity\\Customer,Sex,name,性別(名称),21,1,2017-03-07 10:14:00,2017-03-07 10:14:00,csv
46,2,,Eccube\\Entity\\Customer,Job,id,職業(ID),22,1,2017-03-07 10:14:00,2017-03-07 10:14:00,csv
47,2,,Eccube\\Entity\\Customer,Job,name,職業(名称),23,1,2017-03-07 10:14:00,2017-03-07 10:14:00,csv
48,2,,Eccube\\Entity\\Customer,birth,,誕生日,24,1,2017-03-07 10:14:00,2017-03-07 10:14:00,csv
49,2,,Eccube\\Entity\\Customer,first_buy_date,,初回購入日,25,1,2017-03-07 10:14:00,2017-03-07 10:14:00,csv
50,2,,Eccube\\Entity\\Customer,last_buy_date,,最終購入日,26,1,2017-03-07 10:14:00,2017-03-07 10:14:00,csv
51,2,,Eccube\\Entity\\Customer,buy_times,,購入回数,27,1,2017-03-07 10:14:00,2017-03-07 10:14:00,csv
52,2,,Eccube\\Entity\\Customer,note,,ショップ用メモ欄,28,1,2017-03-07 10:14:00,2017-03-07 10:14:00,csv
53,2,,Eccube\\Entity\\Customer,Status,id,会員ステータス(ID),29,1,2017-03-07 10:14:00,2017-03-07 10:14:00,csv
54,2,,Eccube\\Entity\\Customer,Status,name,会員ステータス(名称),30,1,2017-03-07 10:14:00,2017-03-07 10:14:00,csv
55,2,,Eccube\\Entity\\Customer,create_date,,登録日,31,1,2017-03-07 10:14:00,2017-03-07 10:14:00,csv
56,2,,Eccube\\Entity\\Customer,update_date,,更新日,32,1,2017-03-07 10:14:00,2017-03-07 10:14:00,csv
57,3,,Eccube\\Entity\\Order,id,,注文ID,1,1,2017-03-07 10:14:00,2017-03-07 10:14:00,csv
58,3,,Eccube\\Entity\\Order,order_no,,注文番号,2,1,2017-03-07 10:14:00,2017-03-07 10:14:00,csv
59,3,,Eccube\\Entity\\Order,Customer,id,会員ID,3,1,2017-03-07 10:14:00,2017-03-07 10:14:00,csv
60,3,,Eccube\\Entity\\Order,name01,,お名前(姓),4,1,2017-03-07 10:14:00,2017-03-07 10:14:00,csv
61,3,,Eccube\\Entity\\Order,name02,,お名前(名),5,1,2017-03-07 10:14:00,2017-03-07 10:14:00,csv
62,3,,Eccube\\Entity\\Order,kana01,,お名前(セイ),6,1,2017-03-07 10:14:00,2017-03-07 10:14:00,csv
63,3,,Eccube\\Entity\\Order,kana02,,お名前(メイ),7,1,2017-03-07 10:14:00,2017-03-07 10:14:00,csv
64,3,,Eccube\\Entity\\Order,company_name,,会社名,8,1,2017-03-07 10:14:00,2017-03-07 10:14:00,csv
65,3,,Eccube\\Entity\\Order,postal_code,,郵便番号,9,1,2017-03-07 10:14:00,2017-03-07 10:14:00,csv
66,3,,Eccube\\Entity\\Order,Pref,id,都道府県(ID),10,1,2017-03-07 10:14:00,2017-03-07 10:14:00,csv
67,3,,Eccube\\Entity\\Order,Pref,name,都道府県(名称),11,1,2017-03-07 10:14:00,2017-03-07 10:14:00,csv
68,3,,Eccube\\Entity\\Order,addr01,,住所1,12,1,2017-03-07 10:14:00,2017-03-07 10:14:00,csv
69,3,,Eccube\\Entity\\Order,addr02,,住所2,13,1,2017-03-07 10:14:00,2017-03-07 10:14:00,csv
70,3,,Eccube\\Entity\\Order,email,,メールアドレス,14,1,2017-03-07 10:14:00,2017-03-07 10:14:00,csv
71,3,,Eccube\\Entity\\Order,phone_number,,TEL,15,1,2017-03-07 10:14:00,2017-03-07 10:14:00,csv
72,3,,Eccube\\Entity\\Order,Sex,id,性別(ID),16,1,2017-03-07 10:14:00,2017-03-07 10:14:00,csv
73,3,,Eccube\\Entity\\Order,Sex,name,性別(名称),17,1,2017-03-07 10:14:00,2017-03-07 10:14:00,csv
74,3,,Eccube\\Entity\\Order,Job,id,職業(ID),18,1,2017-03-07 10:14:00,2017-03-07 10:14:00,csv
75,3,,Eccube\\Entity\\Order,Job,name,職業(名称),19,1,2017-03-07 10:14:00,2017-03-07 10:14:00,csv
76,3,,Eccube\\Entity\\Order,birth,,誕生日,20,1,2017-03-07 10:14:00,2017-03-07 10:14:00,csv
77,3,,Eccube\\Entity\\Order,note,,ショップ用メモ欄,21,1,2017-03-07 10:14:00,2017-03-07 10:14:00,csv
78,3,,Eccube\\Entity\\Order,subtotal,,小計,22,1,2017-03-07 10:14:00,2017-03-07 10:14:00,csv
79,3,,Eccube\\Entity\\Order,discount,,値引き,23,1,2017-03-07 10:14:00,2017-03-07 10:14:00,csv
80,3,,Eccube\\Entity\\Order,delivery_fee_total,,送料,24,1,2017-03-07 10:14:00,2017-03-07 10:14:00,csv
81,3,,Eccube\\Entity\\Order,tax,,税金,25,1,2017-03-07 10:14:00,2017-03-07 10:14:00,csv
82,3,,Eccube\\Entity\\Order,total,,合計,26,1,2017-03-07 10:14:00,2017-03-07 10:14:00,csv
83,3,,Eccube\\Entity\\Order,payment_total,,支払合計,27,1,2017-03-07 10:14:00,2017-03-07 10:14:00,csv
84,3,,Eccube\\Entity\\Order,OrderStatus,id,対応状況(ID),28,1,2017-03-07 10:14:00,2017-03-07 10:14:00,csv
85,3,,Eccube\\Entity\\Order,OrderStatus,name,対応状況(名称),29,1,2017-03-07 10:14:00,2017-03-07 10:14:00,csv
86,3,,Eccube\\Entity\\Order,Payment,id,支払方法(ID),30,1,2017-03-07 10:14:00,2017-03-07 10:14:00,csv
87,3,,Eccube\\Entity\\Order,payment_method,,支払方法(名称),31,1,2017-03-07 10:14:00,2017-03-07 10:14:00,csv
88,3,,Eccube\\Entity\\Order,order_date,,受注日,32,1,2017-03-07 10:14:00,2017-03-07 10:14:00,csv
89,3,,Eccube\\Entity\\Order,payment_date,,入金日,33,1,2017-03-07 10:14:00,2017-03-07 10:14:00,csv
90,3,,Eccube\\Entity\\OrderItem,id,,注文詳細ID,34,1,2017-03-07 10:14:00,2017-03-07 10:14:00,csv
91,3,,Eccube\\Entity\\OrderItem,Product,id,商品ID,35,1,2017-03-07 10:14:00,2017-03-07 10:14:00,csv
92,3,,Eccube\\Entity\\OrderItem,ProductClass,id,商品規格ID,36,1,2017-03-07 10:14:00,2017-03-07 10:14:00,csv
93,3,,Eccube\\Entity\\OrderItem,product_name,,商品名,37,1,2017-03-07 10:14:00,2017-03-07 10:14:00,csv
94,3,,Eccube\\Entity\\OrderItem,product_code,,商品コード,38,1,2017-03-07 10:14:00,2017-03-07 10:14:00,csv
95,3,,Eccube\\Entity\\OrderItem,class_name1,,規格名1,39,1,2017-03-07 10:14:00,2017-03-07 10:14:00,csv
96,3,,Eccube\\Entity\\OrderItem,class_name2,,規格名2,40,1,2017-03-07 10:14:00,2017-03-07 10:14:00,csv
97,3,,Eccube\\Entity\\OrderItem,class_category_name1,,規格分類名1,41,1,2017-03-07 10:14:00,2017-03-07 10:14:00,csv
98,3,,Eccube\\Entity\\OrderItem,class_category_name2,,規格分類名2,42,1,2017-03-07 10:14:00,2017-03-07 10:14:00,csv
99,3,,Eccube\\Entity\\OrderItem,price,,価格,43,1,2017-03-07 10:14:00,2017-03-07 10:14:00,csv
100,3,,Eccube\\Entity\\OrderItem,quantity,,個数,44,1,2017-03-07 10:14:00,2017-03-07 10:14:00,csv
101,3,,Eccube\\Entity\\OrderItem,tax_rate,,税率,45,1,2017-03-07 10:14:00,2017-03-07 10:14:00,csv
102,3,,Eccube\\Entity\\OrderItem,tax_rule,,税率ルール(ID),46,1,2017-03-07 10:14:00,2017-03-07 10:14:00,csv
103,3,,Eccube\\Entity\\OrderItem,OrderItemType,id,明細区分(ID),47,1,2018-07-23 09:00:00,2018-07-23 09:00:00,csv
104,3,,Eccube\\Entity\\OrderItem,OrderItemType,name,明細区分(名称),48,1,2018-07-23 09:00:00,2018-07-23 09:00:00,csv
105,3,,Eccube\\Entity\\Shipping,id,,出荷ID,49,1,2017-03-07 10:14:00,2017-03-07 10:14:00,csv
106,3,,Eccube\\Entity\\Shipping,name01,,配送先_お名前(姓),50,1,2017-03-07 10:14:00,2017-03-07 10:14:00,csv
107,3,,Eccube\\Entity\\Shipping,name02,,配送先_お名前(名),51,1,2017-03-07 10:14:00,2017-03-07 10:14:00,csv
108,3,,Eccube\\Entity\\Shipping,kana01,,配送先_お名前(セイ),52,1,2017-03-07 10:14:00,2017-03-07 10:14:00,csv
109,3,,Eccube\\Entity\\Shipping,kana02,,配送先_お名前(メイ),53,1,2017-03-07 10:14:00,2017-03-07 10:14:00,csv
110,3,,Eccube\\Entity\\Shipping,company_name,,配送先_会社名,54,1,2017-03-07 10:14:00,2017-03-07 10:14:00,csv
111,3,,Eccube\\Entity\\Shipping,postal_code,,配送先_郵便番号,55,1,2017-03-07 10:14:00,2017-03-07 10:14:00,csv
112,3,,Eccube\\Entity\\Shipping,Pref,id,配送先_都道府県(ID),56,1,2017-03-07 10:14:00,2017-03-07 10:14:00,csv
113,3,,Eccube\\Entity\\Shipping,Pref,name,配送先_都道府県(名称),57,1,2017-03-07 10:14:00,2017-03-07 10:14:00,csv
114,3,,Eccube\\Entity\\Shipping,addr01,,配送先_住所1,58,1,2017-03-07 10:14:00,2017-03-07 10:14:00,csv
115,3,,Eccube\\Entity\\Shipping,addr02,,配送先_住所2,59,1,2017-03-07 10:14:00,2017-03-07 10:14:00,csv
116,3,,Eccube\\Entity\\Shipping,phone_number,,配送先_TEL,60,1,2017-03-07 10:14:00,2017-03-07 10:14:00,csv
117,3,,Eccube\\Entity\\Shipping,Delivery,id,配送業者(ID),61,1,2017-03-07 10:14:00,2017-03-07 10:14:00,csv
118,3,,Eccube\\Entity\\Shipping,shipping_delivery_name,,配送業者(名称),62,1,2017-03-07 10:14:00,2017-03-07 10:14:00,csv
119,3,,Eccube\\Entity\\Shipping,DeliveryTime,id,お届け時間ID,63,1,2017-03-07 10:14:00,2017-03-07 10:14:00,csv
120,3,,Eccube\\Entity\\Shipping,shipping_delivery_time,,お届け時間(名称),64,1,2017-03-07 10:14:00,2017-03-07 10:14:00,csv
121,3,,Eccube\\Entity\\Shipping,shipping_delivery_date,,お届け希望日,65,1,2017-03-07 10:14:00,2017-03-07 10:14:00,csv
122,3,,Eccube\\Entity\\Shipping,DeliveryFee,id,送料ID,66,1,2017-03-07 10:14:00,2017-03-07 10:14:00,csv
123,3,,Eccube\\Entity\\Shipping,shipping_delivery_fee,,送料,67,1,2017-03-07 10:14:00,2017-03-07 10:14:00,csv
124,3,,Eccube\\Entity\\Shipping,shipping_date,,発送日,68,1,2017-03-07 10:14:00,2017-03-07 10:14:00,csv
125,3,,Eccube\\Entity\\Shipping,tracking_number,,出荷伝票番号,69,1,2017-03-07 10:14:00,2017-03-07 10:14:00,csv
126,3,,Eccube\\Entity\\Shipping,note,,配達用メモ,70,1,2017-03-07 10:14:00,2017-03-07 10:14:00,csv
127,3,,Eccube\\Entity\\Shipping,mail_send_date,,出荷メール送信日,71,1,2017-03-07 10:14:00,2017-03-07 10:14:00,csv
128,4,,Eccube\\Entity\\Order,id,,注文ID,1,1,2017-03-07 10:14:00,2017-03-07 10:14:00,csv
129,4,,Eccube\\Entity\\Order,order_no,,注文番号,2,1,2017-03-07 10:14:00,2017-03-07 10:14:00,csv
130,4,,Eccube\\Entity\\Order,Customer,id,会員ID,3,1,2017-03-07 10:14:00,2017-03-07 10:14:00,csv
131,4,,Eccube\\Entity\\Order,name01,,お名前(姓),4,1,2017-03-07 10:14:00,2017-03-07 10:14:00,csv
132,4,,Eccube\\Entity\\Order,name02,,お名前(名),5,1,2017-03-07 10:14:00,2017-03-07 10:14:00,csv
133,4,,Eccube\\Entity\\Order,kana01,,お名前(セイ),6,1,2017-03-07 10:14:00,2017-03-07 10:14:00,csv
134,4,,Eccube\\Entity\\Order,kana02,,お名前(メイ),7,1,2017-03-07 10:14:00,2017-03-07 10:14:00,csv
135,4,,Eccube\\Entity\\Order,company_name,,会社名,8,1,2017-03-07 10:14:00,2017-03-07 10:14:00,csv
136,4,,Eccube\\Entity\\Order,postal_code,,郵便番号,9,1,2017-03-07 10:14:00,2017-03-07 10:14:00,csv
137,4,,Eccube\\Entity\\Order,Pref,id,都道府県(ID),10,1,2017-03-07 10:14:00,2017-03-07 10:14:00,csv
138,4,,Eccube\\Entity\\Order,Pref,name,都道府県(名称),11,1,2017-03-07 10:14:00,2017-03-07 10:14:00,csv
139,4,,Eccube\\Entity\\Order,addr01,,住所1,12,1,2017-03-07 10:14:00,2017-03-07 10:14:00,csv
140,4,,Eccube\\Entity\\Order,addr02,,住所2,13,1,2017-03-07 10:14:00,2017-03-07 10:14:00,csv
141,4,,Eccube\\Entity\\Order,email,,メールアドレス,14,1,2017-03-07 10:14:00,2017-03-07 10:14:00,csv
142,4,,Eccube\\Entity\\Order,phone_number,,TEL,15,1,2017-03-07 10:14:00,2017-03-07 10:14:00,csv
143,4,,Eccube\\Entity\\Order,Sex,id,性別(ID),16,1,2017-03-07 10:14:00,2017-03-07 10:14:00,csv
144,4,,Eccube\\Entity\\Order,Sex,name,性別(名称),17,1,2017-03-07 10:14:00,2017-03-07 10:14:00,csv
145,4,,Eccube\\Entity\\Order,Job,id,職業(ID),18,1,2017-03-07 10:14:00,2017-03-07 10:14:00,csv
146,4,,Eccube\\Entity\\Order,Job,name,職業(名称),19,1,2017-03-07 10:14:00,2017-03-07 10:14:00,csv
147,4,,Eccube\\Entity\\Order,birth,,誕生日,20,1,2017-03-07 10:14:00,2017-03-07 10:14:00,csv
148,4,,Eccube\\Entity\\Order,note,,ショップ用メモ欄,21,1,2017-03-07 10:14:00,2017-03-07 10:14:00,csv
149,4,,Eccube\\Entity\\Order,subtotal,,小計,22,1,2017-03-07 10:14:00,2017-03-07 10:14:00,csv
150,4,,Eccube\\Entity\\Order,discount,,値引き,23,1,2017-03-07 10:14:00,2017-03-07 10:14:00,csv
151,4,,Eccube\\Entity\\Order,delivery_fee_total,,送料,24,1,2017-03-07 10:14:00,2017-03-07 10:14:00,csv
152,4,,Eccube\\Entity\\Order,tax,,税金,25,1,2017-03-07 10:14:00,2017-03-07 10:14:00,csv
153,4,,Eccube\\Entity\\Order,total,,合計,26,1,2017-03-07 10:14:00,2017-03-07 10:14:00,csv
154,4,,Eccube\\Entity\\Order,payment_total,,支払合計,27,1,2017-03-07 10:14:00,2017-03-07 10:14:00,csv
155,4,,Eccube\\Entity\\Order,OrderStatus,id,対応状況(ID),28,1,2017-03-07 10:14:00,2017-03-07 10:14:00,csv
156,4,,Eccube\\Entity\\Order,OrderStatus,name,対応状況(名称),29,1,2017-03-07 10:14:00,2017-03-07 10:14:00,csv
157,4,,Eccube\\Entity\\Order,Payment,id,支払方法(ID),30,1,2017-03-07 10:14:00,2017-03-07 10:14:00,csv
158,4,,Eccube\\Entity\\Order,payment_method,,支払方法(名称),31,1,2017-03-07 10:14:00,2017-03-07 10:14:00,csv
159,4,,Eccube\\Entity\\Order,order_date,,受注日,32,1,2017-03-07 10:14:00,2017-03-07 10:14:00,csv
160,4,,Eccube\\Entity\\Order,payment_date,,入金日,33,1,2017-03-07 10:14:00,2017-03-07 10:14:00,csv
161,4,,Eccube\\Entity\\OrderItem,id,,注文詳細ID,34,1,2017-03-07 10:14:00,2017-03-07 10:14:00,csv
162,4,,Eccube\\Entity\\OrderItem,Product,id,商品ID,35,1,2017-03-07 10:14:00,2017-03-07 10:14:00,csv
163,4,,Eccube\\Entity\\OrderItem,ProductClass,id,商品規格ID,36,1,2017-03-07 10:14:00,2017-03-07 10:14:00,csv
164,4,,Eccube\\Entity\\OrderItem,product_name,,商品名,37,1,2017-03-07 10:14:00,2017-03-07 10:14:00,csv
165,4,,Eccube\\Entity\\OrderItem,product_code,,商品コード,38,1,2017-03-07 10:14:00,2017-03-07 10:14:00,csv
166,4,,Eccube\\Entity\\OrderItem,class_name1,,規格名1,39,1,2017-03-07 10:14:00,2017-03-07 10:14:00,csv
167,4,,Eccube\\Entity\\OrderItem,class_name2,,規格名2,40,1,2017-03-07 10:14:00,2017-03-07 10:14:00,csv
168,4,,Eccube\\Entity\\OrderItem,class_category_name1,,規格分類名1,41,1,2017-03-07 10:14:00,2017-03-07 10:14:00,csv
169,4,,Eccube\\Entity\\OrderItem,class_category_name2,,規格分類名2,42,1,2017-03-07 10:14:00,2017-03-07 10:14:00,csv
170,4,,Eccube\\Entity\\OrderItem,price,,価格,43,1,2017-03-07 10:14:00,2017-03-07 10:14:00,csv
171,4,,Eccube\\Entity\\OrderItem,quantity,,個数,44,1,2017-03-07 10:14:00,2017-03-07 10:14:00,csv
172,4,,Eccube\\Entity\\OrderItem,tax_rate,,税率,45,1,2017-03-07 10:14:00,2017-03-07 10:14:00,csv
173,4,,Eccube\\Entity\\OrderItem,tax_rule,,税率ルール(ID),46,1,2017-03-07 10:14:00,2017-03-07 10:14:00,csv
174,4,,Eccube\\Entity\\OrderItem,OrderItemType,id,明細区分(ID),47,1,2018-07-23 09:00:00,2018-07-23 09:00:00,csv
175,4,,Eccube\\Entity\\OrderItem,OrderItemType,name,明細区分(名称),48,1,2018-07-23 09:00:00,2018-07-23 09:00:00,csv
176,4,,Eccube\\Entity\\Shipping,id,,出荷ID,49,1,2017-03-07 10:14:00,2017-03-07 10:14:00,csv
177,4,,Eccube\\Entity\\Shipping,name01,,配送先_お名前(姓),50,1,2017-03-07 10:14:00,2017-03-07 10:14:00,csv
178,4,,Eccube\\Entity\\Shipping,name02,,配送先_お名前(名),51,1,2017-03-07 10:14:00,2017-03-07 10:14:00,csv
179,4,,Eccube\\Entity\\Shipping,kana01,,配送先_お名前(セイ),52,1,2017-03-07 10:14:00,2017-03-07 10:14:00,csv
180,4,,Eccube\\Entity\\Shipping,kana02,,配送先_お名前(メイ),53,1,2017-03-07 10:14:00,2017-03-07 10:14:00,csv
181,4,,Eccube\\Entity\\Shipping,company_name,,配送先_会社名,54,1,2017-03-07 10:14:00,2017-03-07 10:14:00,csv
182,4,,Eccube\\Entity\\Shipping,postal_code,,配送先_郵便番号,55,1,2017-03-07 10:14:00,2017-03-07 10:14:00,csv
183,4,,Eccube\\Entity\\Shipping,Pref,id,配送先_都道府県(ID),56,1,2017-03-07 10:14:00,2017-03-07 10:14:00,csv
184,4,,Eccube\\Entity\\Shipping,Pref,name,配送先_都道府県(名称),57,1,2017-03-07 10:14:00,2017-03-07 10:14:00,csv
185,4,,Eccube\\Entity\\Shipping,addr01,,配送先_住所1,58,1,2017-03-07 10:14:00,2017-03-07 10:14:00,csv
186,4,,Eccube\\Entity\\Shipping,addr02,,配送先_住所2,59,1,2017-03-07 10:14:00,2017-03-07 10:14:00,csv
187,4,,Eccube\\Entity\\Shipping,phone_number,,配送先_TEL,60,1,2017-03-07 10:14:00,2017-03-07 10:14:00,csv
188,4,,Eccube\\Entity\\Shipping,Delivery,id,配送業者(ID),61,1,2017-03-07 10:14:00,2017-03-07 10:14:00,csv
189,4,,Eccube\\Entity\\Shipping,shipping_delivery_name,,配送業者(名称),62,1,2017-03-07 10:14:00,2017-03-07 10:14:00,csv
190,4,,Eccube\\Entity\\Shipping,DeliveryTime,id,お届け時間ID,63,1,2017-03-07 10:14:00,2017-03-07 10:14:00,csv
191,4,,Eccube\\Entity\\Shipping,shipping_delivery_time,,お届け時間(名称),64,1,2017-03-07 10:14:00,2017-03-07 10:14:00,csv
192,4,,Eccube\\Entity\\Shipping,shipping_delivery_date,,お届け希望日,65,1,2017-03-07 10:14:00,2017-03-07 10:14:00,csv
193,4,,Eccube\\Entity\\Shipping,DeliveryFee,id,送料ID,66,1,2017-03-07 10:14:00,2017-03-07 10:14:00,csv
194,4,,Eccube\\Entity\\Shipping,shipping_delivery_fee,,送料,67,1,2017-03-07 10:14:00,2017-03-07 10:14:00,csv
195,4,,Eccube\\Entity\\Shipping,shipping_date,,発送日,68,1,2017-03-07 10:14:00,2017-03-07 10:14:00,csv
196,4,,Eccube\\Entity\\Shipping,tracking_number,,出荷伝票番号,69,1,2017-03-07 10:14:00,2017-03-07 10:14:00,csv
197,4,,Eccube\\Entity\\Shipping,note,,配達用メモ,70,1,2017-03-07 10:14:00,2017-03-07 10:14:00,csv
198,4,,Eccube\\Entity\\Shipping,mail_send_date,,出荷メール送信日,71,1,2017-03-07 10:14:00,2017-03-07 10:14:00,csv
199,5,,Eccube\\Entity\\Category,id,,カテゴリID,1,1,2017-03-07 10:14:00,2017-03-07 10:14:00,csv
200,5,,Eccube\\Entity\\Category,sort_no,,表示ランク,2,1,2017-03-07 10:14:00,2017-03-07 10:14:00,csv
201,5,,Eccube\\Entity\\Category,name,,カテゴリ名,3,1,2017-03-07 10:14:00,2017-03-07 10:14:00,csv
202,5,,Eccube\\Entity\\Category,Parent,id,親カテゴリID,4,1,2017-03-07 10:14:00,2017-03-07 10:14:00,csv
203,5,,Eccube\\Entity\\Category,level,,階層,5,1,2017-03-07 10:14:00,2017-03-07 10:14:00,csv
204,1,,Eccube\\Entity\\ProductClass,TaxRule,tax_rate,税率,31,0,2017-03-07 10:14:00,2017-03-07 10:14:00,csv
205,6,,Eccube\\Entity\\Order,shop_no,,H1,1,1,2017-03-07 10:14:00,2017-03-07 10:14:00,csv
206,6,,Eccube\\Entity\\Order,drawing_no,,H2,2,1,2017-03-07 10:14:00,2017-03-07 10:14:00,csv
207,6,,Eccube\\Entity\\Order,product_type,,H3,3,1,2017-03-07 10:14:00,2017-03-07 10:14:00,csv
208,6,,Eccube\\Entity\\Order,name1,,H4,4,1,2017-03-07 10:14:00,2017-03-07 10:14:00,csv
209,6,,Eccube\\Entity\\Order,person_incharge_code,,H5,5,1,2017-03-07 10:14:00,2017-03-07 10:14:00,csv
210,6,,Eccube\\Entity\\Shipping,shipping_delivery_date,,H6,6,1,2017-03-07 10:14:00,2017-03-07 10:14:00,csv
211,6,,Eccube\\Entity\\Order,order_date,,H7,7,1,2017-03-07 10:14:00,2017-03-07 10:14:00,csv
212,6,,Eccube\\Entity\\Order,address,,H8,8,1,2017-03-07 10:14:00,2017-03-07 10:14:00,csv
213,6,,Eccube\\Entity\\Order,heading_remark,,H9,9,1,2017-03-07 10:14:00,2017-03-07 10:14:00,csv
214,6,,Eccube\\Entity\\Order,supplier_code,,H10,10,1,2017-03-07 10:14:00,2017-03-07 10:14:00,csv
215,6,,Eccube\\Entity\\Order,output_line,,H11,11,1,2017-03-07 10:14:00,2017-03-07 10:14:00,csv
216,6,,Eccube\\Entity\\Order,output_color,,H12,12,1,2017-03-07 10:14:00,2017-03-07 10:14:00,csv
217,6,,Eccube\\Entity\\Order,handle_part_number,,H13,13,1,2017-03-07 10:14:00,2017-03-07 10:14:00,csv
218,6,,Eccube\\Entity\\Order,output_wood_color,,H14,14,1,2017-03-07 10:14:00,2017-03-07 10:14:00,csv
219,6,,Eccube\\Entity\\Order,architrave,,H15,15,1,2017-03-07 10:14:00,2017-03-07 10:14:00,csv
220,6,,Eccube\\Entity\\Order,furigana1,,H16,16,1,2017-03-07 10:14:00,2017-03-07 10:14:00,csv
221,6,,Eccube\\Entity\\Order,phone_number,,H17,17,1,2017-03-07 10:14:00,2017-03-07 10:14:00,csv
222,6,,Eccube\\Entity\\Order,zip_code,,H18,18,1,2017-03-07 10:14:00,2017-03-07 10:14:00,csv
223,6,,Eccube\\Entity\\Order,order_date,,H20,19,1,2017-03-07 10:14:00,2017-03-07 10:14:00,csv
224,6,,Eccube\\Entity\\Order,shipping_delivery_time,,H23,20,1,2017-03-07 10:14:00,2017-03-07 10:14:00,csv
225,6,,Eccube\\Entity\\Order,destination_address,,H24,21,1,2017-03-07 10:14:00,2017-03-07 10:14:00,csv
226,6,,Eccube\\Entity\\OrderItem,delivery_form_code,,H25,22,1,2017-03-07 10:14:00,2017-03-07 10:14:00,csv
227,6,,Eccube\\Entity\\Order,construction_classification,,H26,23,1,2017-03-07 10:14:00,2017-03-07 10:14:00,csv
228,6,,Eccube\\Entity\\Order,order_no,,H27,24,1,2017-03-07 10:14:00,2017-03-07 10:14:00,csv
229,6,,Eccube\\Entity\\Order,total,,H28,25,1,2017-03-07 10:14:00,2017-03-07 10:14:00,csv
230,6,,Eccube\\Entity\\Order,order_form,,H29,26,1,2017-03-07 10:14:00,2017-03-07 10:14:00,csv
231,6,,Eccube\\Entity\\Order,construction_amount,,H30,27,1,2017-03-07 10:14:00,2017-03-07 10:14:00,csv
232,6,,Eccube\\Entity\\Order,transfer_shop,,H31,28,1,2017-03-07 10:14:00,2017-03-07 10:14:00,csv
233,6,,Eccube\\Entity\\Order,pending_order,,H32,29,1,2017-03-07 10:14:00,2017-03-07 10:14:00,csv
234,6,,Customize\\Entity\\Master\\Factory,output_category,,,30,1,2017-03-07 10:14:00,2017-03-07 10:14:00,csv
235,6,,Customize\\Entity\\Master\\Factory,output_part_number1,,,31,1,2017-03-07 10:14:00,2017-03-07 10:14:00,csv
236,6,,Customize\\Entity\\Master\\Factory,output_addition1,,,32,1,2017-03-07 10:14:00,2017-03-07 10:14:00,csv
237,6,,Customize\\Entity\\Master\\Factory,output_ek_no,,,33,1,2017-03-07 10:14:00,2017-03-07 10:14:00,csv
238,6,,Customize\\Entity\\Master\\Factory,output_base_wheel,,,34,1,2017-03-07 10:14:00,2017-03-07 10:14:00,csv
239,6,,Customize\\Entity\\Master\\Factory,output_height,,,35,1,2017-03-07 10:14:00,2017-03-07 10:14:00,csv
240,6,,Customize\\Entity\\Master\\Factory,output_width,,,36,1,2017-03-07 10:14:00,2017-03-07 10:14:00,csv
241,6,,Customize\\Entity\\Master\\Factory,output_finish,,,37,1,2017-03-07 10:14:00,2017-03-07 10:14:00,csv
242,6,,Customize\\Entity\\Master\\Factory,output_grant_line,,,38,1,2017-03-07 10:14:00,2017-03-07 10:14:00,csv
243,6,,Customize\\Entity\\Master\\Factory,output_quantity,,,39,1,2017-03-07 10:14:00,2017-03-07 10:14:00,csv
244,6,,Customize\\Entity\\Master\\Factory,line,,,40,1,2017-03-07 10:14:00,2017-03-07 10:14:00,csv
245,6,,Customize\\Entity\\Master\\Factory,line_color,,,41,1,2017-03-07 10:14:00,2017-03-07 10:14:00,csv
246,6,,Customize\\Entity\\Master\\Factory,end_color,,,42,1,2017-03-07 10:14:00,2017-03-07 10:14:00,csv
247,6,,Customize\\Entity\\Master\\Factory,output_append_option,,,43,1,2017-03-07 10:14:00,2017-03-07 10:14:00,csv
248,6,,Customize\\Entity\\Master\\Factory,output_press_manufacturer_name,,,44,1,2017-03-07 10:14:00,2017-03-07 10:14:00,csv
249,6,,Customize\\Entity\\Master\\Factory,output_selection_color,,,45,1,2017-03-07 10:14:00,2017-03-07 10:14:00,csv
250,6,,Customize\\Entity\\Master\\Factory,output_Totte_product,,,46,1,2017-03-07 10:14:00,2017-03-07 10:14:00,csv
251,7,,Eccube\\Entity\\Order,order_date,,発注日,1,1,2017-03-07 10:14:00,2017-03-07 10:14:00,csv
252,7,,Eccube\\Entity\\Order,order_no,,伝票番号,2,1,2017-03-07 10:14:00,2017-03-07 10:14:00,csv
253,7,,Eccube\\Entity\\Order,customer_classification,,顧客分類 ,3,1,2017-03-07 10:14:00,2017-03-07 10:14:00,csv
254,7,,Eccube\\Entity\\Order,delivery_category,,配送区分,4,1,2017-03-07 10:14:00,2017-03-07 10:14:00,csv
255,7,,Eccube\\Entity\\Shipping,shipping_delivery_date,,配送日,5,1,2017-03-07 10:14:00,2017-03-07 10:14:00,csv
256,7,,Eccube\\Entity\\Order,start_time,,指定配送開始時間,6,1,2017-03-07 10:14:00,2017-03-07 10:14:00,csv
257,7,,Eccube\\Entity\\Order,end_time,,指定配送終了時間,7,1,2017-03-07 10:14:00,2017-03-07 10:14:00,csv
258,7,,Eccube\\Entity\\Order,cash_delivery_classification,,代引き区分,8,1,2017-03-07 10:14:00,2017-03-07 10:14:00,csv
259,7,,Eccube\\Entity\\Order,cash_delivery_amount,,代引き金額,9,1,2017-03-07 10:14:00,2017-03-07 10:14:00,csv
260,7,,Eccube\\Entity\\OrderItem,order_total_cnt,,総行数,10,1,2017-03-07 10:14:00,2017-03-07 10:14:00,csv
261,7,,Eccube\\Entity\\Order,name1,,お届け先名1,11,1,2017-03-07 10:14:00,2017-03-07 10:14:00,csv
262,7,,Eccube\\Entity\\Order,furigana1,,フリガナ1,12,1,2017-03-07 10:14:00,2017-03-07 10:14:00,csv
263,7,,Eccube\\Entity\\Shipping,phone_number,,電話番号,13,1,2017-03-07 10:14:00,2017-03-07 10:14:00,csv
264,7,,Eccube\\Entity\\Shipping,postal_code,,郵便番号,14,1,2017-03-07 10:14:00,2017-03-07 10:14:00,csv
265,7,,Eccube\\Entity\\Shipping,Pref,name,都道府県,15,1,2017-03-07 10:14:00,2017-03-07 10:14:00,csv
266,7,,Eccube\\Entity\\Order,addr01,,市区町村名,16,1,2017-03-07 10:14:00,2017-03-07 10:14:00,csv
267,7,,Eccube\\Entity\\Order,addr02,,番地・建物名・部屋番号,17,1,2017-03-07 10:14:00,2017-03-07 10:14:00,csv
268,7,,Eccube\\Entity\\Order,floor,,納品先階数,18,1,2017-03-07 10:14:00,2017-03-07 10:14:00,csv
269,7,,Eccube\\Entity\\Order,elevator,,エレベータ有無,19,1,2017-03-07 10:14:00,2017-03-07 10:14:00,csv
270,7,,Eccube\\Entity\\Order,dealer_name,,販売店名,20,1,2017-03-07 10:14:00,2017-03-07 10:14:00,csv
271,7,,Eccube\\Entity\\Order,dealer_representative,,販売店担当者,21,1,2017-03-07 10:14:00,2017-03-07 10:14:00,csv
272,7,,Eccube\\Entity\\Order,dealer_phone_number,,販売店電話番号,22,1,2017-03-07 10:14:00,2017-03-07 10:14:00,csv
273,7,,Eccube\\Entity\\Order,reason,,理由,23,1,2017-03-07 10:14:00,2017-03-07 10:14:00,csv
274,7,,Eccube\\Entity\\Order,memo,,伝言メモ,24,1,2017-03-07 10:14:00,2017-03-07 10:14:00,csv
275,7,,Eccube\\Entity\\Shipping,hl_expected_day,,HL入荷予定日,25,1,2017-03-07 10:14:00,2017-03-07 10:14:00,csv
276,7,,Eccube\\Entity\\Order,shipping_code,,集荷先（出荷元）コード,26,1,2017-03-07 10:14:00,2017-03-07 10:14:00,csv
277,7,,Eccube\\Entity\\OrderItem,order_product_cnt,,行,27,1,2017-03-07 10:14:00,2017-03-07 10:14:00,csv
278,7,,Eccube\\Entity\\Order,service_kubun,,サービス区分1,28,1,2017-03-07 10:14:00,2017-03-07 10:14:00,csv
279,7,,Eccube\\Entity\\Order,product_classification,,商品分類,29,1,2017-03-07 10:14:00,2017-03-07 10:14:00,csv
280,7,,Eccube\\Entity\\OrderItem,product_code,,商品コード,30,1,2017-03-07 10:14:00,2017-03-07 10:14:00,csv
281,7,,Eccube\\Entity\\OrderItem,product_name,,商品名,31,1,2017-03-07 10:14:00,2017-03-07 10:14:00,csv
282,7,,Eccube\\Entity\\OrderItem,quantity,,（商品）数量,32,1,2017-03-07 10:14:00,2017-03-07 10:14:00,csv
283,7,,Eccube\\Entity\\OrderItem,ProductClass,package_count,（商品）梱包数,33,1,2017-03-07 10:14:00,2017-03-07 10:14:00,csv
284,7,,Eccube\\Entity\\Order,number_of_units,,（商品）単位数,34,1,2017-03-07 10:14:00,2017-03-07 10:14:00,csv
285,7,,Eccube\\Entity\\OrderItem,ProductClass,assembly_time,（商品）組立時間 ,34,1,2017-03-07 10:14:00,2017-03-07 10:14:00,csv
286,7,,Eccube\\Entity\\Order,single_quantity,,（単品）数量,35,1,2017-03-07 10:14:00,2017-03-07 10:14:00,csv